{
  "main": {
    "id": "a8853a3b288cc775",
    "type": "split",
    "children": [
      {
        "id": "a443b97bd545eab2",
        "type": "tabs",
        "children": [
          {
            "id": "8886e8a468fcd880",
            "type": "leaf",
            "state": {
              "type": "markdown",
              "state": {
                "file": "Bloc2/13 - Télecommunications et réseaux/13.1 - Routage et commutation/TP/TP 3 - Configuration des Interfaces de Routeur.md",
                "mode": "source",
                "backlinks": true,
                "source": false
              },
              "icon": "lucide-file",
              "title": "TP 3 - Configuration des Interfaces de Routeur"
            }
          }
        ]
      }
    ],
    "direction": "vertical"
  },
  "left": {
    "id": "c481fda16707eb8a",
    "type": "split",
    "children": [
      {
        "id": "b94055b559902bf1",
        "type": "tabs",
        "children": [
          {
            "id": "f4e81700990ddfa5",
            "type": "leaf",
            "state": {
              "type": "file-explorer",
              "state": {
                "sortOrder": "alphabetical"
              },
              "icon": "lucide-folder-closed",
              "title": "Explorateur de fichiers"
            }
          },
          {
            "id": "4644d5b2198839f5",
            "type": "leaf",
            "state": {
              "type": "search",
              "state": {
                "query": "tag:#Lessons/School/HEH/Bloc2/Quad2",
                "matchingCase": false,
                "explainSearch": false,
                "collapseAll": false,
                "extraContext": false,
                "sortOrder": "alphabetical"
              },
              "icon": "lucide-search",
              "title": "Rechercher"
            }
          },
          {
            "id": "2d8ab942735009b2",
            "type": "leaf",
            "state": {
              "type": "bookmarks",
              "state": {},
              "icon": "lucide-bookmark",
              "title": "Signet"
            }
          }
        ]
      }
    ],
    "direction": "horizontal",
    "width": 294.5
  },
  "right": {
    "id": "922a0165b3f34979",
    "type": "split",
    "children": [
      {
        "id": "41a6ceedc56bf0f5",
        "type": "tabs",
        "dimension": 52.41187384044527,
        "children": [
          {
            "id": "68b0946d7da27009",
            "type": "leaf",
            "state": {
              "type": "backlink",
              "state": {
                "file": "Bloc2/02 - Linux/Manipulations/Linux Manips.md",
                "collapseAll": false,
                "extraContext": false,
                "sortOrder": "alphabetical",
                "showSearch": false,
                "searchQuery": "",
                "backlinkCollapsed": false,
                "unlinkedCollapsed": true
              },
              "icon": "links-coming-in",
              "title": "Rétrolien pour Linux Manips"
            }
          },
          {
            "id": "efd97a4ac66ba821",
            "type": "leaf",
            "state": {
              "type": "outgoing-link",
              "state": {
                "file": "Bloc2/02 - Linux/Manipulations/Linux Manips.md",
                "linksCollapsed": false,
                "unlinkedCollapsed": true
              },
              "icon": "links-going-out",
              "title": "Liens sortants de Linux Manips"
            }
          },
          {
            "id": "6856e64464bb68b9",
            "type": "leaf",
            "state": {
              "type": "tag",
              "state": {
                "sortOrder": "frequency",
                "useHierarchy": true
              },
              "icon": "lucide-tags",
              "title": "Mots-clés"
            }
          },
          {
            "id": "2bc8ddc51357ea6c",
            "type": "leaf",
            "state": {
              "type": "oz-calendar",
              "state": {},
              "icon": "OZCAL_ICON",
              "title": "OZ Calendar"
            }
          }
        ],
        "currentTab": 3
      },
      {
        "id": "955d2832a99a035f",
        "type": "tabs",
        "dimension": 47.58812615955473,
        "children": [
          {
            "id": "d53440ecd8bf7515",
            "type": "leaf",
            "state": {
              "type": "outline",
              "state": {
                "file": "Bloc2/13 - Télecommunications et réseaux/13.1 - Routage et commutation/TP/TP 3 - Configuration des Interfaces de Routeur.md"
              },
              "icon": "lucide-list",
              "title": "Plan de TP 3 - Configuration des Interfaces de Routeur"
            }
          }
        ]
      }
    ],
    "direction": "horizontal",
    "width": 344.5
  },
  "left-ribbon": {
    "hiddenItems": {
      "switcher:Ouvrir le sélecteur rapide": false,
      "graph:Ouvrir la vue graphique": false,
      "canvas:Créer une nouvelle toile": false,
      "daily-notes:Ouvrir la note quotidienne": false,
      "templates:Insérer le modèle": false,
      "command-palette:Ouvrir la palette de commandes": false,
      "obsidian-git:Open Git source control": false,
      "bulk-exporter:Bulk Exporter Preview": false
    }
  },
  "active": "8886e8a468fcd880",
  "lastOpenFiles": [
    "Bloc2/13 - Télecommunications et réseaux/13.1 - Routage et commutation/TP/TP4 - Vérifier les Réseaux Directement Connectés.md",
    "Bloc2/13 - Télecommunications et réseaux/13.1 - Routage et commutation/TP/TP 3 - Configuration des Interfaces de Routeur.md",
    "Bloc2/13 - Télecommunications et réseaux/13.1 - Routage et commutation/TP/TP 2 - Configuration de SSH sur un Switch.md",
    "Sans titre.md",
    "Bloc2/13 - Télecommunications et réseaux/13.1 - Routage et commutation/TP/Sans titre.md",
    "Bloc2/13 - Télecommunications et réseaux/13.1 - Routage et commutation/CH0 - Rappel réseaux.md",
    "Bloc2/02 - Linux/Manipulations/Linux Manips.md",
    "Bloc2/02 - Linux/Manipulations/Commandes Linux.md",
    "Bloc2/02 - Linux/Manipulations/pdf/01_Labo_Linux_Les_commandes_de_bases-ELEVES-.pdf",
    "Bloc2/02 - Linux/Théorie/cours_Linux.pdf",
    "Bloc2/13 - Télecommunications et réseaux/TRav_DiapoCours_23-24_(ELEVES).pdf",
    "Bloc2/01 - Bases de données et développement back-end/Résolution Exercices SQL.md",
    "Bloc2/01 - Bases de données et développement back-end/~$llabus_exerciceSQL.docx",
    "Bloc2/01 - Bases de données et développement back-end/Résolution ExercicesSQL.pdf",
    "Bloc2/01 - Bases de données et développement back-end/🔗/Pasted image 20241126143704.png",
    "Bloc2/01 - Bases de données et développement back-end/🔗/Pasted image 20241126143623.png",
    "Bloc2/01 - Bases de données et développement back-end/🔗/Pasted image 20241126143549.png",
    "Bloc2/01 - Bases de données et développement back-end/Base de données.md",
    "Bloc2/05 - Windows server/WindowsServer_TKnowForExam.md",
    "Bloc2/05 - Windows server/Windows Server v2019.pdf",
    "Bloc2/04 - Sciences appliquées/04.b - Physique appliquée/Slides.pdf",
    "Bloc2/05 - Windows server/M8 - DC.md",
    "Bloc2/05 - Windows server/M2 - Windows Server.md",
    "Bloc2/05 - Windows server/M3 -.md",
    "Bloc2/05 - Windows server/M6 - DHCP.md",
    "Bloc2/13 - Télecommunications et réseaux/13.1 - Routage et commutation/TP/Méthodo.md",
    "Bloc2/05 - Windows server/M4 - Rôles et fonctionnalités.md",
    "Bloc2/05 - Windows server/M5 - Serveur DNS.md",
    "Bloc2/05 - Windows server/M1 - Résumé IPv4,IPv6.md",
    "Bloc2/13 - Télecommunications et réseaux/13.1 - Routage et commutation/CH2 - Routage Statique.md",
    "Bloc2/13 - Télecommunications et réseaux/13.1 - Routage et commutation/CH3 -.md",
    "Bloc2/13 - Télecommunications et réseaux/13.2 - Réseaux avancés/Ch1 - Routage.md",
    "Bloc2/04 - Sciences appliquées/04.b - Physique appliquée/CH2 - Cinématique et Magnétostatique.md",
    "Bloc2/04 - Sciences appliquées/04.b - Physique appliquée/CH1 - Notion fondamentale.md",
    "Bloc2/04 - Sciences appliquées/04.a - Math, Stats appliqués/Ch1 - LaPlace.md",
    "Bloc2/13 - Télecommunications et réseaux/13.2 - Réseaux avancés/Ch0 - Intro.md",
    "Bloc2/13 - Télecommunications et réseaux/13.1 - Routage et commutation/TP/1 - Protocole TP SRWE v7.02 2022-23/1.1.7 Packet Tracer - Basic Switch Configuration - Physical Mode.pka~",
    "Bloc1/11 - Télécommunications et réseaux/exam_heh_pts_netacad.txt",
    "Bloc2/13 - Télecommunications et réseaux/13.1 - Routage et commutation/TP/1 - Protocole TP SRWE v7.02 2022-23/9.3.3 Packet Tracer - HSRP Configuration Guide.pka",
    "Bloc2/04 - Sciences appliquées/04.b - Physique appliquée/🔗/Pasted image 20241022100159.png",
    "output/attachment/46029f67f24a80783d81cbf4e155e186.png",
    "output/attachment/1e9d635ec3eea95efff83bbf584d8424.png",
    "Assets/discord logos/carpool.png",
    "Assets/discord logos/bachelier.png",
    "Bloc2/04 - Sciences appliquées/04.b - Physique appliquée/🔗/Pasted image 20241001153246.png",
    "Bloc2/04 - Sciences appliquées/04.b - Physique appliquée/🔗/Pasted image 20241001152637.png",
    "Bloc2/1 - Bases de données et développement back-end/Sans titre.canvas"
  ]
}